fieldStation,easting,northing,notes,strike,dip,trend,plunge,foliationType,otherStructure,otherStructureType
Ame18fieldstation-unknown,119.9440558,-21.3473268,,288,89,18,89,mineral_alignm,,
Ame18fieldstation-157,119.8879397,-21.32675462,"Large_outcrop_of_quartzofeldspathic_schist_with_nodules_of_quartz,_weathered_hollow._Maybe_used_to_be_garnet?_Weathered_badly,_not_good_to_sample.",305,85,35,85,schistosity,,
Ame18fieldstation-588,119.955964,-21.354712,Finely_lamited_muscovite_schist._Very_crenulated.,308,75,42,75,schistosity,,
Ame18fieldstation-181,119.9404723,-21.36368263,Chert_bed._Stretching_Lin.,307,76,67,74,gneissic_folia,,
AME18FieldStation-310,119.945722,-21.350852,"Thinly_lamited_quartzofeldspathic_Schist._Fractures_in_rock_appear_perpendicular_to_strike._Some_offset,_appears_dextral.",285,79,80,66,schistosity,,
Ame18fieldstation-168,119.9947036,-21.3897847,Garnet_locality_in_a_biotite_quartzofeldspathic_schist._Small_1_mm_garnets.,291,83,98,61,gneissic_folia,,
Ame18fieldstation-131,119.9461556,-21.34865365,A_possible_garnet_locality.,310,85,108,77,gneissic_folia,,
Ame18fieldstation-321,119.946855,-21.349528,,306,89,119,82,schistosity,,
AME 18 fieldstation-322,119.946661,-21.349474,"Huge_unit,_very_crenulated_in_parts,_subvertical",306,89,119,82,schistosity,,
Ame18fieldstation-623,119.935991,-21.356921,Kink_banding_showed_very_clear_thrust_sense_(_s_up_),64,84,154,84,schistosity,,
AME18FieldStation-543,119.961969,-21.362613,,149,89,158,84,schistosity,,
Ame18fieldstation-161,119.9041752,-21.32256878,"Augean_gneiss_with_clear_assymetery._My_best_guess_is_reverse_sense_of_shear,_though_cuts_parallel_to_the_lineation_are_not_common.",129,60,180,53,gneissic_folia,,
Ame18fieldstation-359,119.937386,-21.344005,Euhadral_magnetite!_Chlorite_schist_with_zones_of_intense_crenulation.,92,71,182,71,schistosity,,
Ame18fieldstation-359,119.937386,-21.344005,Euhadral_magnetite!_Chlorite_schist_with_zones_of_intense_crenulation.,92,61,184,61,schistosity,,
Ame18fieldstation-80,119.967457,-21.3700939,"Quartzofeldspathic_schist,_finely_lamited._Quartz_veins_parallel_to_foliation.",126,76,186,74,schistosity,,
Ame18fieldstation-364,119.961243,-21.362215,"Poorly_foliated_metabasalt,_fine_grained_and_perhaps_chlorite_bearing.",149,85,189,82,schistosity,,
AME 18 fieldstation-373,119.96124,-21.362198,"Chlorite_schist_metabasalt,_small_outcrop,_looks_in_place",149,85,189,82,plar_schistosity,,
AME18FieldStation-357,119.961233,-21.362223,Metabasalt,149,85,189,82,schistosity,,
Ame18fieldstation-357,119.936194,-21.343003,,84,83,190,83,schistosity,,
Ame18fieldstation-71,119.8888641,-21.32398395,Schist_with_porphyroclasts_of_quartz_or_maybe_cordillerite_?,132,75,200,74,gneissic_folia,,
Ame18fieldstation-321,119.946855,-21.349528,,134,83,201,82,schistosity,,
Ame18fieldstation-366,119.961553,-21.361915,Fine_grained_amphibolite_with_a_highly_plane_foliation._Lamited_at_the_1_-_2_cm_scale.,145,75,206,73,schistosity,,
AME 18 fieldstation-375,119.961511,-21.361943,"Finer_grained,_stronger_foliation,_1-2cm_lamition",145,75,206,73,schistosity,,
AME18FieldStation-348,119.935234,-21.343008,Metabasalt,105,64,206,64,schistosity,,
AME18FieldStation-359,119.961528,-21.362017,Fine_grained_magic_amphibolite._1-2_cm_lamitions.__More_foliated,145,75,206,73,schistosity,,
AME 18 fieldstation-370,119.939991,-21.34568,,112,78,207,78,plar_schistosity,,
1.52583E+13,119.9446547,-21.34902258,Me_tased_amphibolite,93,70,210,68,gneissic_folia,,
AME18FieldStation-564,119.956343,-21.354472,,125,75,211,75,schistosity,,
Ame18fieldstation-365,119.96157,-21.362106,"Mafic_amphibolite,_fine_to_medium_grained._Strongly_foliated_with_a_foliation_parallel_cleavage_that_makes_the_rock_break_into_flat_spears._L_tectonite?_Hard_to_tell_because_everything_is_so_mafic._Also_possible_SC_fabric,_showing_dextral_motion._Bedding_v_foliation?",141,74,213,73,schistosity,,
AME 18 fieldstation-374,119.96156,-21.362147,"Magic_medium_grained_amphibolite,_more_deformed_than_southern_spot_due_to_more_foliation_exhibited___(Transact_of_god_yesterday_had_very_deformed_outcrops_at_every_spot,_the_spots_tagged_as_both_amphibolite_and_CS_are_this_unit,_the_magic_medium_grained_amphibolite)",141,74,213,73,schistosity,,
AME18FieldStation-358,119.961534,-21.3621,"Medium_grained_mafic_amphibolite,_more_foliated_than_last_spot.",141,74,213,73,schistosity,,
AME 18 fieldstation-363,119.935132,-21.342689,"Verging_in_amphibolite,_more_felsic_grains_and_clear_lineation_displayed,_this_stoped_when_on_way_down_of_hill_approximately_50m_after_appearing,_became_the_regular_chlorite_schist_again",97,80,214,79,plar_schistosity,,
Ame18fieldstation-146,119.8939799,-21.31875198,Metabasalt,125,88,215,88,gneissic_folia,,
AME 18 fieldstation-362,119.934258,-21.3422,"First_siting_of_different_unit,_stopped_before_river",109,83,215,83,plar_schistosity,,
Ame18fieldstation-28,119.9242293,-21.34817217,"Hi_Jed_up_into_the_hills_from_the_camp_down_in_the_creek._The_goal_was_to_get_into_the_slice_of_the_Apex_basalt._We_are_not_sure_if_we_are_there,_but_we_certainly_found_garnets_in_a_felsic_schist._Sampled_it.",103,72,217,70,schistosity,,
Ame18fieldstation-132,119.9459288,-21.34853563,Garnets_in_River_polished_pavement_.,119,75,217,75,gneissic_folia,,
1.52582E+13,119.9440518,-21.34726674,"Very_fine_grained_amphibolite,_possibly_garnet_bearing,_mica_rich_(biotite?),_elongate_needle_like_minerals,_black_in_color_(maybe_siliminite)",114,74,218,74,mineral_alignm,,
Ame18fieldstation-142,119.9195154,-21.33283248,L_tectonite_schistos_paragneiss.,115,72,221,71,gneissic_folia,,
AME 18 fieldstation-365,119.936783,-21.343916,Borderline_amphibolite_as_seen_on_other_side_of_creek,111,64,221,63,plar_schistosity,,
Ame18fieldstation-11,119.9366829,-21.3383832,"Outcrop_right_on_the_creek,_heterogeneous_mixture_of_foliated_granodiorite,_medium_grade_gneiss,_and_migmitized_gneiss_and_tightly_folded_amphibolite_showing_dextrose_motion.",119,67,222,66,gneissic_folia,,
Ame18fieldstation-67,119.894834,-21.33023695,"Garnet_bearing_felsic_schist,_close_to_francois_et_al_locality....?",129,57,224,57,schistosity,,
Ame18fieldstation-355,119.935239,-21.342189,,84,74,225,65,gneissic_folia,,
Ame18fieldstation-166,119.9952607,-21.3867945,Found_another_garnet_locality._Quartzofeldspathic_schist_with_sparse_garnet_porphyroclasts_and_quartz_tails._Garnets_are_about_pea_sized._In_regularly_alterting_felsic_and_mafic_schists_at_the_meter_scale.,122,78,226,78,schistosity,,
Ame18fieldstation-206,119.9095105,-21.32683811,Very_stripy_biotite_gneiss._Just_north_of_where_we_camped_for_the_night.,116,64,228,62,gneissic_folia,,
Ame18fieldstation-139,119.917066,-21.33333542,Very_strongly_foliated_Augean_paragneiss,109,62,229,59,gneissic_folia,,
Ame18fieldstation-376,119.961657,-21.360434,"Coherent_strong_fabric,_ridge_forming_unit.",150,72,230,72,schistosity,,
Ame18fieldstation-358,119.937053,-21.343568,Very_finely_lamited_quartzofeldspathic_schist.,121,73,231,72,schistosity,,
Ame18fieldstation-353,119.933447,-21.341731,,108,68,232,64,gneissic_folia,,
AME 18 fieldstation-359,119.932673,-21.341928,Does_not_appear_to_be_slumped,112,64,232,61,plar_schistosity,,
Ame18fieldstation-155,119.9025872,-21.30882673,"Crappy_outcrop_of_fine_grained_orthogneiss._Foliation_parallel_sheared_pegmatite_is_common,_about_4_cm_thick._Granite_may_show_reverse_sense_of_shear.",125,50,233,49,gneissic_folia,,
Ame18fieldstation-362,119.942153,-21.346571,Small_bed_of_paragneiss_within_metabasalt._1_m_wide.,118,70,235,68,gneissic_folia,,
Ame18fieldstation-141,119.9205272,-21.3314095,Well_within_the_granitoid_of_the_mt_Edgar._Sampling_a_medium_grained_granitic_gneiss_with_a_clear_reverse_sense_of_shear_(a)_and_a_fine_grained_granitic_rock_for_geochemistry._(B).,106,65,237,58,gneissic_folia,,
Ame18fieldstation-144,119.8903352,-21.32305255,Quartzofeldspathic_schist,120,70,237,68,gneissic_folia,,
Ame18fieldstation-354,119.9342,-21.341977,Paragneiss_with_a_little_less_stripe_yes’s.,104,72,237,66,gneissic_folia,,
Ame18fieldstation-361,119.940356,-21.345484,L_tectonite_amphibolite_gneiss,113,81,237,79,gneissic_folia,,
AME18FieldStation-330,119.944712,-21.349681,"Metabasalt,_fold_with_fracture_plane,_foliation_stays_constant_across_fractures._Area_in_surrounds_seem_part_of_fold_of_sorts.",89,70,237,55,schistosity,fold,synform
Ame18fieldstation-120,119.9443901,-21.35216903,"Crenulated_pelitic_unit_has_a_strong_lineation_approx_down_dip,_with_a_crenulation_approximately_parallel_to_strike._Crenulations_are_asymmetric._Crenulations_are_part_of_a_large_scale_3_m_kink._Lineation_has_been_kinked,_silineation_predates_kink_folds_and_thrust_event.",110,57,238,51,schistosity,,
Ame18fieldstation-333,119.944772,-21.349635,Felsic_unit_on_west_limb_of_outcrop_fold.,110,74,238,70,schistosity,,
Ame18fieldstation-349,119.931531,-21.341088,,117,68,239,65,gneissic_folia,,
Ame18fieldstation-562,119.961493,-21.362512,,129,70,239,69,mineral_alignm,,
Ame18fieldstation-587,119.9563,-21.354528,1_m_interbedded_schists.,135,74,239,74,schistosity,,
Ame18fieldstation-617,119.936256,-21.355288,,135,74,239,74,schistosity,,
AME 18 fieldstation-356,119.931526,-21.341066,Paragneiss,117,68,239,65,gneissic_folia,,
AME18FieldStation-342,119.931342,-21.341199,"Close_to_tip_of_fold._Felsic_composition,_paragneiss.",117,68,239,65,gneissic_folia,,
Ame18fieldstation-140,119.9181953,-21.33178685,"Zebra_gneiss,_with_biotite_zones_and_feldspar_porphyroclasts",118,67,241,63,gneissic_folia,,
Ame18fieldstation-122,119.9441216,-21.35354625,"Another_garnet_fined,_this_time_as_large_components_of_the_rock_by_percentage._Garnets_show_domintly_normal_shear_sense,_and_have_beautiful_asymmetry._Stratographically_below_metabasalt.",131,82,242,81,schistosity,,
Ame18fieldstation-346,119.937017,-21.34183,Large_outcrop_of_a_Marcus_rich_granitic_gneiss.,126,71,242,69,gneissic_folia,,
AME 18 fieldstation-354,119.936999,-21.341834,Granite_just_outside_of_fold,126,71,242,69,mineral_alignm,,
Ame18fieldstation-352,119.933047,-21.341623,Stripes_paragneiss_with_long_smeared_biotite._Quite_mafic.,107,76,243,70,gneissic_folia,,
Ame18fieldstation-565,119.962141,-21.362214,Stripey_amphibolite_schist._Biotite.,150,69,243,69,gneissic_folia,,
Ame18fieldstation-586,119.956794,-21.355007,,137,83,243,83,schistosity,,
AME 18 fieldstation-360,119.932717,-21.341917,Strong_liberation,103,72,244,63,plar_schistosity,,
AME 18 fieldstation-371,119.94031,-21.345874,,110,89,245,89,plar_schistosity,,
AME18FieldStation-656,120.014827,-21.399615,,130,75,245,73,schistosity,,
Ame18fieldstation-376,119.961657,-21.360434,"Coherent_strong_fabric,_ridge_forming_unit.",147,77,246,77,schistosity,,
AME 18 fieldstation-385,119.961652,-21.36044,,147,77,246,77,plar_schistosity,,
AME18FieldStation-584,119.939201,-21.356719,,101,85,246,81,schistosity,,
Ame18fieldstation-206,119.9095105,-21.32683811,Very_stripy_biotite_gneiss._Just_north_of_where_we_camped_for_the_night.,115,59,247,51,gneissic_folia,,
AME18FieldStation-578,119.940372,-21.35719,Finely_lamited,85,84,247,71,schistosity,,
Ame18fieldstation-311,119.945723,-21.350641,Mafic_amphibolite._More_massively_lamited.,92,79,248,65,mineral_alignm,,
Ame18fieldstation-315,119.94589,-21.350348,Crenulated_chlorite_schist_and_quartzofeldspathic_schist._Sampled_chlorite_schist.,126,77,248,75,phyllitic_cleavage,,
AME 18 fieldstation-306,119.943961,-21.351396,"Quartzo_feldspathic_schist,__muscovite,_feldspar_,_quartz___Meta_basalt_embedded_with_it_(chlorite_schist)___West_side_of_basecamp",93,78,248,63,plar_schistosity,,
AME 18 fieldstation-317,119.945867,-21.350282,Crenellations_present,126,77,248,75,schistosity,,
Ame18fieldstation-317,119.946215,-21.349885,,101,78,250,68,schistosity,,
Ame18fieldstation-346,119.937017,-21.34183,Large_outcrop_of_a_Marcus_rich_granitic_gneiss.,124,73,250,69,gneissic_folia,,
AME 18 fieldstation-319,119.946182,-21.349887,"Little_feldspathic_interbedding,_majority_is_chlorite_schist",101,78,250,68,plar_schistosity,,
AME 18 fieldstation-354,119.936999,-21.341834,Granite_just_outside_of_fold,124,73,250,69,mineral_alignm,,
AME18FieldStation-317,119.946138,-21.349922,Close_to_center_of_fold,101,78,250,68,schistosity,,
Ame18fieldstation-118,119.9439229,-21.35160862,Granitic_dike_intruding_duffer_formation_basalt_subparallel_to_bedding._Meta_basalt_shave_reverse_sense_kink_bands.,112,67,251,57,gneissic_folia,,
AME 18 fieldstation-357,119.930698,-21.341606,More_felsic_than_metabasalt,121,74,251,69,plar_schistosity,,
AME18FieldStation-353,119.938607,-21.345611,Area_of_contact_between_metabasalt_and_QF_schist,130,71,251,68,schistosity,,
Ame18fieldstation-109,119.9677934,-21.36822918,"Three_thin_units_close_together,_all_dipping_away_from_the_dome._Farthest_south,_a_.3_m_chert_bed,_strongly_lineated._Directly_south,_a_1_m_zone_of_porphyroclasts_bearing_felsic_schist._Along_strike_to_the_West_by_3_meters,_the_schist_is_less_micaceous,_but_has_small_red_dots_that_may_be_garnet.",119,52,252,43,schistosity,,
AME 18 fieldstation-652,120.014906,-21.399476,,123,72,254,67,plar_schistosity,,
AME18FieldStation-369,119.961664,-21.360414,Has_clasts,149,71,254,70,schistosity,,
AME18FieldStation-656,120.014827,-21.399615,,123,72,254,67,schistosity,,
AME 18 fieldstation-361,119.934023,-21.342189,Weaker_lineation__displayed,118,76,256,70,plar_schistosity,,
Ame18fieldstation-318,119.94621,-21.349568,,105,80,257,69,schistosity,,
AME 18 fieldstation-320,119.94621,-21.349532,"Mainly_feldspathic_unit,_little_interbedding",105,80,257,69,plar_schistosity,,
AME18FieldStation-318,119.946146,-21.3499,Interbedded_schists_still,105,80,257,69,schistosity,,
1.52583E+13,119.9446547,-21.34902258,Me_tased_amphibolite,110,77,258,66,gneissic_folia,,
AME18FieldStation-352,119.938149,-21.345457,Metabasalt_or_amphibolite,98,80,258,63,schistosity,,
Ame18fieldstation-95,119.9658673,-21.37189485,"Felsic,_finely_lamited_muscovite_schist,_with_booudined_and_folded_quartz_veins_and_a_strong_nearly_downdip_crenulation_defines_by_muscovite.",146,51,259,49,schistosity,fold,
Ame18fieldstation-139,119.917066,-21.33333542,Very_strongly_foliated_Augean_paragneiss,109,81,259,73,gneissic_folia,,
Ame18fieldstation-149,119.8974258,-21.3115601,"A_series_of_granitic_rocks_exposed_along_the_riverbank._Massive,_gneissic_granitoid_sampled_by_Ross_for_geochemistry._I_sampled_a_more_intensely_sheared_gneiss_zone._Both_are_L>>S_tectonites.",170,70,260,70,gneissic_folia,,
Ame18fieldstation-327,119.952969,-21.352875,,117,84,260,80,schistosity,,
AME18FieldStation-355,119.940225,-21.346992,Metabasalt,120,72,260,63,schistosity,,
AME18FieldStation-551,119.96295,-21.362075,,151,72,260,71,schistosity,,
Ame18fieldstation-124,119.9440215,-21.35369585,Reverse_shear_on_kink.,127,65,261,57,schistosity,,
Ame18fieldstation-348,119.93636,-21.339794,Banded_gneiss._Aplite_dikes_are_sheared_to_suggest_sinistral_shearing.,132,75,261,71,gneissic_folia,,
AME 18 fieldstation-355,119.936396,-21.339831,Granite_unit_outside_of_hills,132,75,261,71,mineral_alignm,,
AME18FieldStation-341,119.936409,-21.339822,Foliage’s_granite,132,75,261,71,schistosity,,
AME18FieldStation-343,119.930803,-21.341716,,120,73,261,64,schistosity,,
AME18FieldStation-347,119.934449,-21.342859,Metabasalt,98,84,261,70,schistosity,,
AME18FieldStation-354,119.939453,-21.345951,Metabasalt,107,80,261,68,schistosity,,
Ame18fieldstation-90,119.9671732,-21.37069717,Felsic_pelitic_schist_with_quartz_or_felsic_porphyroclasts_that_show_reverse_shear_sense.,128,74,262,68,schistosity,,
Ame18fieldstation-159,119.888558,-21.32824297,Assymmetrical_folds_of_quartz_in_th_quartzofeldspathic_schist_unit._Hinge_parallel_to_stretching_lineation.,131,72,262,67,schistosity,,
Ame18fieldstation-340,119.943294,-21.348068,Flexural_shearing_showing_dextral_motion._Quartzofeldspathic_schist_is_foliated_at_a_higher_angle_to_bedding_than_chlorite_schist._Boundary_between_them_has_garnets._Sampled_garnets.,105,80,262,66,schistosity,,
Ame18fieldstation-344,119.937267,-21.343132,Granitoid_foliated_and_interleaved_with_duffer_formation.,127,80,262,76,gneissic_folia,,
AME 18 fieldstation-347,119.943253,-21.348075,Bedding_and_foliation_between_units_no_longer_parallel,105,80,262,66,plar_schistosity,,
AME18FieldStation-335,119.943222,-21.348117,"Garnets?_A_bedding_plane_is_cross_cutting_foliation._Flexrual_shearing,_dextral.",105,80,262,66,schistosity,,
Ame18fieldstation-307,119.944714,-21.350884,"Again,_interbedded_metamorphic_rocks._Here,_the_chlorite_schist_is_1_m_thick,_rather_than_small_10_cm_beds._The_quartzofeldspathic_schist_is_lamited_at_1_cm_scale.",119,71,263,60,schistosity,,
Ame18fieldstation-351,119.932117,-21.341456,L_tectonite_mafic_amphibolite.,126,70,263,62,mineral_alignm,,
AME18FieldStation-340,119.937047,-21.341873,Granites_foilated,124,73,264,65,schistosity,,
Ame18fieldstation-208,119.9747968,-21.37223808,"Partially_migmatite_and_veined_orthogneiss_of_the_Underwood_unit._Two_tabular_zones_where_leucosimes_intermingle_with_a_mafic_biotite_rich_band._(See_pic)._The_granitic_portions_of_the_gneiss_have_differing_grain_size,_from_coarse_to_fine._These_zones_parallel_the_mafic_zones_and_foliation.",130,65,265,57,gneissic_folia,,
AME18FieldStation-556,119.960485,-21.358835,,130,86,265,84,schistosity,,
Ame18fieldstation-319,119.94636,-21.349413,Pod_of_granitic_gneiss_l_tectonite,114,79,266,67,gneissic_folia,,
AME 18 fieldstation-321,119.946308,-21.349468,"Gneiss,_L-tectonite,_strong_lineation_compared_to_foliation___Next_to_quartzo_feldspathic_unit",114,79,266,67,gneissic_folia,,
Ame18fieldstation-38,120.0137568,-21.40154664,"Crenulated_schust_with_asymmetric_kink_folds._Crenulatioms_are_subhorizontal,_while_stretching_lineation_is_nearly_downdip._Interbedded_chert_layers_are_also_involved_in_the_folding._Kink_folds_show_sinistral_motion.",118,60,267,42,schistosity,fold,
Ame18fieldstation-360,119.939091,-21.344557,,113,80,267,68,mineral_alignm,,
AME18FieldStation-309,119.945516,-21.350625,"Schist,_quartzofeldspathic.",110,81,267,68,schistosity,,
AME18FieldStation-319,119.946348,-21.349419,Towards_center_fold_more_weird_granite_gneiss,110,84,267,75,gneissic_folia,,
Ame18fieldstation-330,119.95298,-21.353583,,130,78,268,72,schistosity,,
Ame18fieldstation-371,119.961744,-21.361648,"Modules_of_amphibolite_metabasalt,_with_zones_of_curved_schist_layers_separating_them.",150,69,268,66,schistosity,,
AME 18 fieldstation-333,119.953145,-21.353713,,130,78,268,72,plar_schistosity,,
AME 18 fieldstation-380,119.961758,-21.361675,"Strike_and_dip_of_CS,_basalt_contact_towards_center_of_fold_hinge",150,69,268,66,plar_schistosity,,
AME18FieldStation-328,119.953183,-21.353636,,130,78,268,72,schistosity,,
Ame18fieldstation-10,119.9366568,-21.33832833,,122,64,269,48,gneissic_folia,,
Ame18fieldstation-109,119.9677934,-21.36822918,"Three_thin_units_close_together,_all_dipping_away_from_the_dome._Farthest_south,_a_.3_m_chert_bed,_strongly_lineated._Directly_south,_a_1_m_zone_of_porphyroclasts_bearing_felsic_schist._Along_strike_to_the_West_by_3_meters,_the_schist_is_less_micaceous,_but_has_small_red_dots_that_may_be_garnet.",144,72,269,68,schistosity,,
Ame18fieldstation-319,119.94636,-21.349413,Pod_of_granitic_gneiss_l_tectonite,110,84,269,74,schistosity,,
Ame18fieldstation-356,119.93538,-21.342257,YZ_plane_shows_sinistral_sos.,100,86,269,70,gneissic_folia,,
Ame18fieldstation-381,119.96279,-21.361219,Garnets!,162,70,269,69,gneissic_folia,,
AME 18 fieldstation-348,119.943625,-21.347911,"Interbedding,_not_parallel_to_foliation",98,87,269,72,plar_schistosity,,
AME18FieldStation-336,119.943541,-21.347916,Same_flexrual_shear,98,87,269,72,schistosity,,
AME18FieldStation-374,119.962773,-21.361271,Garnets,162,70,269,69,schistosity,,
Ame18fieldstation-339,119.944084,-21.348576,"Interbedded_units,_all_strongly_foliated.",105,86,270,74,schistosity,,
Ame18fieldstation-691,120.014905,-21.39947,,130,75,270,67,gneissic_folia,,
AME 18 fieldstation-346,119.944072,-21.348614,Interbedded,105,86,270,74,plar_schistosity,,
AME18FieldStation-334,119.944368,-21.348691,Feldspathic_interbedded_with_schist._Some_crenulation_is_occuring,105,86,270,74,schistosity,,
Ame18fieldstation-145,119.8911931,-21.32128562,"Quartzofeldspathic_schist,_sampled_as_a_representative_of_what_most_of_the_rocked_are_walking_over_looks_like.",117,80,271,68,gneissic_folia,,
Ame18fieldstation-208,119.9747968,-21.37223808,"Partially_migmatite_and_veined_orthogneiss_of_the_Underwood_unit._Two_tabular_zones_where_leucosimes_intermingle_with_a_mafic_biotite_rich_band._(See_pic)._The_granitic_portions_of_the_gneiss_have_differing_grain_size,_from_coarse_to_fine._These_zones_parallel_the_mafic_zones_and_foliation.",126,66,271,52,gneissic_folia,,
Ame18fieldstation-582,119.960174,-21.357894,"Very_large_garnets_in_highly_banded_paragneiss._Very_clear_normal_shear_sense,_greenstone_down,_me_up.",146,57,271,52,gneissic_folia,,
AME18FieldStation-346,119.933264,-21.342725,,119,79,271,67,schistosity,,
AME18FieldStation-559,119.960159,-21.357887,"Garnets_again,_sample_taken",147,57,272,52,gneissic_folia,,
Ame18fieldstation-309,119.94556,-21.350981,,109,82,273,63,schistosity,,
Ame18fieldstation-578,119.960471,-21.358954,Very_quarts_rich_quartzofeldspathic_schist._Ridge_forming_unit.,125,77,273,66,schistosity,,
AME 18 fieldstation-358,119.931778,-21.341722,,119,83,273,74,plar_schistosity,,
AME18FieldStation-349,119.936275,-21.344157,Metabasalt,121,79,273,67,schistosity,,
Ame18fieldstation-137,119.9134416,-21.34322083,"Just_north_of_the_chert,_an_L>>S_tectonite_with_garnet_porphyroclasts,_some_of_which_may_record_brittle_boudige_with_quartz_vein_infill.",257,80,274,59,gneissic_folia,,
Ame18fieldstation-320,119.946352,-21.34997,,116,81,274,67,schistosity,,
AME18FieldStation-306,119.943941,-21.351356,At_base_camp._West_side_of_river._Quartz_and_feldspathic_schist._With_a_metabasalt_as_well._Both_show_similar_foiliation_and_lineation.,115,80,274,64,schistosity,,
Ame18fieldstation-306,119.944086,-21.35132,We_camped_here._A_20_m_cliff_outcrop_of_Interbedded_metabasalt_and_felsic_metavolcanic._Fabric_of_the_two_are_aligned.,99,88,275,66,schistosity,,
Ame18fieldstation-313,119.945829,-21.350513,,118,84,275,75,gneissic_folia,,
AME18FieldStation-313,119.945798,-21.350539,"Top_of_hill,_amphibolite",118,84,275,75,schistosity,,
AME18FieldStation-555,119.96019,-21.359228,,140,80,275,76,schistosity,,
Ame18fieldstation-324,119.948208,-21.348676,Mixed_zone_of_granitic_and_metaseds._Granitic_are_parallel_to_bedding.,117,83,276,71,schistosity,,
Ame18fieldstation-337,119.944591,-21.34944,Very_strong_lineation.,115,82,276,67,plar_schistosity,,
Ame18fieldstation-591,119.961519,-21.359083,Granite_intrusion_within_limb_of_the_large_scale_(map_scale)_fold._In_contact_with_felsic_schist._We_sampled_it_for_AMS_to_know_if_the_fabric_was_the_same_as_the_green_stones.,107,85,276,66,schistosity,,
AME 18 fieldstation-343,119.944645,-21.34945,Outcrop_just_outside_of_fold,115,82,276,67,plar_schistosity,,
AME18FieldStation-324,119.947495,-21.348965,Just_outside_of_fold,117,83,276,71,schistosity,,
AME18FieldStation-333,119.94461,-21.349486,,115,82,276,67,schistosity,,
AME18FieldStation-565,119.956218,-21.354596,,150,76,276,73,schistosity,,
Ame18fieldstation-208,119.9747968,-21.37223808,"Partially_migmatite_and_veined_orthogneiss_of_the_Underwood_unit._Two_tabular_zones_where_leucosimes_intermingle_with_a_mafic_biotite_rich_band._(See_pic)._The_granitic_portions_of_the_gneiss_have_differing_grain_size,_from_coarse_to_fine._These_zones_parallel_the_mafic_zones_and_foliation.",137,68,277,58,gneissic_folia,,
Ame18fieldstation-342,119.94193,-21.347462,,112,84,277,67,schistosity,,
AME 18 fieldstation-349,119.941943,-21.347416,Interbedded_units_still,112,84,277,67,plar_schistosity,,
AME 18 fieldstation-368,119.938307,-21.345003,First_appearance_since_before_the_river,122,79,277,66,plar_schistosity,,
AME18FieldStation-337,119.941865,-21.347405,,112,84,277,67,schistosity,,
Ame18fieldstation-92,119.9669153,-21.37118133,Felsic_schist_porphyroclasts,125,74,278,58,schistosity,,
AME18FieldStation-356,119.942736,-21.349319,,124,80,278,68,schistosity,,
AME18FieldStation-557,119.960483,-21.358252,Garnets!,140,77,278,71,schistosity,,
Ame18fieldstation-124,119.9440215,-21.35369585,Reverse_shear_on_kink.,129,74,280,60,schistosity,,
Ame18fieldstation-121,119.9449517,-21.35274732,Very_small_zone_of_large_garnets_found_west_of_the_river._Rock_is_a_finely_lamited_felsic_muscovite_schist.,120,83,281,69,schistosity,,
Ame18fieldstation-333,119.944772,-21.349635,Felsic_unit_on_west_limb_of_outcrop_fold.,118,82,281,65,gneissic_folia,,
Ame18fieldstation-579,119.960481,-21.35825,,140,77,282,69,schistosity,,
AME 18 fieldstation-367,119.937831,-21.344774,,111,87,282,71,plar_schistosity,,
AME18FieldStation-326,119.953128,-21.352959,,109,88,282,74,schistosity,,
Ame18fieldstation-328,119.953199,-21.35296,Schist_with_mm_sized_clasts.,106,89,283,71,schistosity,,
Ame18fieldstation-350,119.931034,-21.341718,L_>S_tectonite.,119,84,283,69,schistosity,,
AME 18 fieldstation-331,119.953225,-21.35297,,106,89,283,71,plar_schistosity,,
Ame18fieldstation-163,119.9022336,-21.32659745,"Quartzofeldspathic_schist_of_the_duffer,_with_small_quartz_or_feldspar_porphyroclasts.",130,81,284,70,gneissic_folia,,
Ame18fieldstation-563,119.961797,-21.362365,Dextral_foliation_crosses_a_felsic_schist_“bed”._Felsic_schist_is_inter_layered_at_the_Hal_meter_scale_with_amphibolite_schist.,138,88,284,86,schistosity,,
1.52583E+13,119.9437894,-21.34722391,"Finely_spaced_cleavage_s_surfaces,_possibly_garnet_bearing_(_weather_out_pits_at_the_surface.__C_surfaces_spaced_at_about_30_cm._Sampled_for_garnets.",265,87,285,81,s_plane,,
Ame18fieldstation-381,119.96279,-21.361219,Garnets!,154,68,285,62,gneissic_folia,,
AME 18 fieldstation-338,119.944732,-21.349708,"Meta_basalt_with_feldspar_clasts,_exhibiting_fracture_set_folding,_felsic_units_appear_on_both_sides_of_hinge",114,86,285,65,plar_schistosity,,
AME 18 fieldstation-369,119.939321,-21.345409,,110,89,285,78,plar_schistosity,,
Ame18fieldstation-696,120.012732,-21.402604,"Large_scale_kink_fold._Has_small_scale_features_as_well._Large_scale_____Shows_dome_up_sos._Small_scale_shows_reverse_sense._Sample_taken_doesn’t_display_this,_but_instead_a_different_kink_fildin,_may_have_fold_overprints.",110,81,287,16,schistosity,,
Ame18fieldstation-110,119.9679449,-21.36811357,"Huge_1_cm_or_larger_garnets_with_quartz_tails_in_a_quartzofeldspathic_schist._Beautiful_shear_sense,_though_hard_to_determine_lineation.",128,82,288,68,schistosity,,
AME 18 fieldstation-392,119.962804,-21.361242,Same_garnet_bearing_unit,150,73,288,65,plar_schistosity,,
AME18FieldStation-374,119.962773,-21.361271,Garnets,150,73,288,65,schistosity,,
AME18FieldStation-563,119.956548,-21.35441,,127,81,288,64,schistosity,,
AME 18 fieldstation-309,119.945454,-21.350614,Very_strong_lineation,127,84,291,69,plar_schistosity,,
AME18FieldStation-583,119.93989,-21.356905,,291,90,291,79,schistosity,,
Ame18fieldstation-308,119.944957,-21.350845,"Large_pavement_outcrop_of_mostly_quartzofeldspathic_schist,_with_some_5_to_10_cm_chlorite_schist_interbedded._In_one_area_of_the_outcrop,_large_(0.5_cm)_porphyroclasts_of_magnetite,_amphibole,_and_or_garnet_are_present.",120,87,292,70,schistosity,,
Ame18fieldstation-322,119.947031,-21.349216,Prolomylonite_metabasalt._Feldspars_show_assymetry,126,85,293,69,mineral_alignm,,
Ame18fieldstation-322,119.947031,-21.349216,Prolomylonite_metabasalt._Feldspars_show_assymetry,290,89,293,70,mineral_alignm,,
Ame18fieldstation-576,119.960194,-21.359409,,134,84,293,74,schistosity,,
Ame18fieldstation-110,119.9679449,-21.36811357,"Huge_1_cm_or_larger_garnets_with_quartz_tails_in_a_quartzofeldspathic_schist._Beautiful_shear_sense,_though_hard_to_determine_lineation.",135,84,294,74,schistosity,,
Ame18fieldstation-322,119.947031,-21.349216,Prolomylonite_metabasalt._Feldspars_show_assymetry,118,89,294,76,mineral_alignm,,
AME 18 fieldstation-324,119.947012,-21.349242,"Subveritcal,_dips_both_directions_depending_on_spot",118,89,294,76,plar_schistosity,,
AME18FieldStation-344,119.931514,-21.342089,,130,86,294,75,schistosity,,
Ame18fieldstation-143,119.8900159,-21.3231963,Quartzofeldspathic_schist_with_kink_folds.,280,86,295,74,gneissic_folia,,
Ame18fieldstation-342,119.94193,-21.347462,,121,89,296,78,schistosity,,
Ame18fieldstation-381,119.96279,-21.361219,Garnets!,156,75,296,67,gneissic_folia,,
AME 18 fieldstation-349,119.941943,-21.347416,Interbedded_units_still,121,89,296,78,plar_schistosity,,
AME18FieldStation-374,119.962773,-21.361271,Garnets,156,75,296,67,schistosity,,
AME18FieldStation-585,119.939093,-21.356714,,287,88,298,80,schistosity,,
Ame18fieldstation-110,119.9679449,-21.36811357,"Huge_1_cm_or_larger_garnets_with_quartz_tails_in_a_quartzofeldspathic_schist._Beautiful_shear_sense,_though_hard_to_determine_lineation.",129,86,299,68,schistosity,,
Ame18fieldstation-615,119.937216,-21.356175,,265,86,299,83,schistosity,,
AME 18 fieldstation-391,119.962613,-21.361058,"Huge_garnet_bearing_unit,_unsure_about_composition,_gray_fine_grained_unit,_poss_my_metabasalt_or_volcanic",128,86,299,65,mineral_alignm,,
AME 18 fieldstation-587,119.937225,-21.356168,,265,86,299,83,schistosity,,
AME18FieldStation-373,119.962677,-21.361055,"Schists._Garnets_presen,_large_ones_about_3_cm_in_diameter.",128,86,299,65,schistosity,,
AME18FieldStation-345,119.932154,-21.342248,,120,90,300,76,schistosity,,
Ame18fieldstation-308,119.944957,-21.350845,"Large_pavement_outcrop_of_mostly_quartzofeldspathic_schist,_with_some_5_to_10_cm_chlorite_schist_interbedded._In_one_area_of_the_outcrop,_large_(0.5_cm)_porphyroclasts_of_magnetite,_amphibole,_and_or_garnet_are_present.",298,89,301,70,schistosity,,
AME 18 fieldstation-308,119.944658,-21.350899,"1_cm_lamition_of_schist,_subveritcal,_different_sports_have_different_dip_directions",298,89,301,70,schistosity,,
AME18FieldStation-365,119.961744,-21.361696,Contact_of_both_units,154,83,302,77,schistosity,,
Ame18fieldstation-572,119.963421,-21.361944,"Asymmetric_garnets,_showing_reverse_shear_sense_I_think.",146,76,303,57,schistosity,,
Ame18fieldstation-94,119.9660019,-21.37168193,,132,80,306,29,schistosity,fold,
AME 18 fieldstation-308,119.944658,-21.350899,"1_cm_lamition_of_schist,_subveritcal,_different_sports_have_different_dip_directions",299,87,307,69,plar_schistosity,,
Ame18fieldstation-614,119.93892,-21.355837,"Felsic_schist_with_small_porphyroclasts,_very_well_crenulated.",279,85,311,81,schistosity,,
AME18FieldStation-561,119.959157,-21.356923,,305,89,311,80,schistosity,,
Ame18fieldstation-308,119.944957,-21.350845,"Large_pavement_outcrop_of_mostly_quartzofeldspathic_schist,_with_some_5_to_10_cm_chlorite_schist_interbedded._In_one_area_of_the_outcrop,_large_(0.5_cm)_porphyroclasts_of_magnetite,_amphibole,_and_or_garnet_are_present.",298,84,314,69,schistosity,,
Ame18fieldstation-564,119.962024,-21.362272,20_cm_felsic_schist_bed._Dextral_cleavage_when_compared_to_bedding_contact.,136,89,314,65,schistosity,,
AME 18 fieldstation-308,119.944658,-21.350899,"1_cm_lamition_of_schist,_subveritcal,_different_sports_have_different_dip_directions",298,84,314,69,schistosity,,
AME18FieldStation-542,119.961597,-21.362819,,151,83,314,67,schistosity,,
Ame18fieldstation-590,119.956189,-21.355729,,305,87,315,74,schistosity,,
AME18FieldStation-575,119.941105,-21.35717,"Shear_zone_area,_hypothesis",310,89,315,78,schistosity,,
Ame18fieldstation-107,119.9641752,-21.37424185,10_meter_scale_z_fold_seen_in_chert_in_horizontal_outcrop._Sampling_northern_limb.,297,84,318,74,schistosity,,
AME 18 fieldstation-307,119.94468,-21.350898,"Chlorite_schist,_more_lamited_than_306,_at_about_1cm_scale___Probably_out_of_place_with_slump,_nick_has_other_measurements",308,82,320,55,plar_schistosity,,
Ame18fieldstation-577,119.960323,-21.359184,Interbeddedschists.,308,86,322,74,schistosity,,
Ame18fieldstation-607,119.939402,-21.356473,,158,84,324,66,schistosity,,
Ame18fieldstation-133,119.9178261,-21.33871737,"Vesicular_volcanic_with_infilled_calcite,_and_perhaps_garnet.",304,84,325,74,gneissic_folia,,
AME18FieldStation-581,119.940488,-21.356941,,303,86,325,79,schistosity,,
Ame18fieldstation-167,119.9950775,-21.38817278,"Bedding_parallel_gneissic_unit,_one_of_a_few_in_the_area_that_are_abou_2_m_wide._Lineation_defines_by_smeared_biotite_books._Did_not_remember_to_get_coordites,_so_coordites_are_approximate,_selected_from_map.",304,85,328,78,gneissic_folia,,
Ame18fieldstation-133,119.9178261,-21.33871737,"Vesicular_volcanic_with_infilled_calcite,_and_perhaps_garnet.",292,80,329,74,schistosity,,
Ame18fieldstation-598,119.941125,-21.357151,Very_plar_schist.,325,88,330,70,schistosity,,
Ame18fieldstation-606,119.939861,-21.356843,Chlorite_schist,289,77,331,71,schistosity,,
Ame18fieldstation-605,119.940108,-21.35698,Quartzofeldspathic_schist_with_veins_that_have_been_folded_at_a_shallow_angle._But_lineation_in_schist_is_still_steeply_plunging.,280,73,334,69,schistosity,fold,
Ame18fieldstation-570,119.962592,-21.361907,,317,86,337,78,schistosity,,
Ame18fieldstation-135,119.9139806,-21.34094695,"Felsic_muscovite_schist_with_small_porphyroclasts,_has_some_resembled_to_garnet.",286,77,338,74,schistosity,,
AME18FieldStation-554,119.959958,-21.359438,,304,86,338,83,schistosity,,
Ame18fieldstation-589,119.955589,-21.355097,,318,86,340,79,schistosity,,
AME18FieldStation-544,119.962002,-21.362606,,325,87,340,79,schistosity,,
AME18FieldStation-311,119.945655,-21.350681,Amphibolite,192,79,348,65,schistosity,,
Ame18fieldstation-594,119.943817,-21.355147,Axial_plar_crenulation_cleavage_in_chlorite_schist.,320,72,360,63,schistosity,,